line_number,content,category,character
1,{{提示|蓝色|宽度=100%|如果选择选项下面对话没变不是BUG了，而是游戏本身对话就是一样的。}},option,开拓者
2,{{任务,default,
3,|任务名称=太阳照常升起,default,
4,|任务地区=匹诺康尼,default,
5,|任务类型=开拓任务,default,
6,|所属版本=2.2,default,
7,|任务描述=尘埃落定，阿斯德纳和整个宇宙最终免于成为「秩序」傀儡的命运。公司决定与家族携手共建匹诺康尼，全宇宙的学者们也将不遗余力地提供帮助。至此，「梦想之地」匹诺康尼之旅暂告一段落。,default,
8,|奖励={{图标|里程|600}}{{图标|星琼|80}}{{图标|漫游指南|6}}{{图标|遗失晶块|6}}{{图标|金表钞|300}}{{图标|信用点|80000}},default,
9,|任务条件=完成任务[[上升的一切必将汇合]],default,
10,|开放等级=34,default,
11,|相关成就=通往群星的轨道#我们若在光明中行,default,
12,|相关道具=命运之谕示,default,
13,|相关书籍=,default,
14,|出场人物=三月七、黑天鹅、丹恒、波提欧、姬子、瓦尔特、景元、真理医生、托帕&账账、砂金,default,
15,|领取地点=,default,
16,|系列任务=在我们的时代里,default,
17,|任务编号=11,default,
18,|前置任务=*[[上升的一切必将汇合]],default,
19,|后续任务=*[[然后，在第八天…]],default,
20,|任务流程=*与黑天鹅交谈,default,
21,*前往贵宾休息区寻找丹恒,default,
22,*与姬子和瓦尔特会合,default,
23,*前往大堂，会见公司代表,default,
24,*与公司和博识学会代表交谈,default,
25,*返回星穹列车,default,
26,*（可选）与三月七交谈,default,
27,*（可选）与丹恒交谈,default,
28,*（可选）与波提欧交谈,default,
29,*（可选）与瓦尔特交谈,default,
30,*（可选）与姬子交谈,default,
31,*与黑天鹅交谈，等待跃迁开始,default,
32,}},default,
33,,default,
34,==剧情内容==,default,
35,*三月七：醒醒…醒醒……,content,三月七
36,*三月七：…喂，开拓者！别睡啦，太阳晒屁股啦——,content,三月七
37,*三月七：你没事吧，听得清我说话吗？记不记得自己叫什么名字？,content,三月七
38,{{剧情选项,default,
39,|选项1=我…什么都不记得了。,option,开拓者
40,|剧情1=*三月七：那可麻烦了，能努力回忆一下吗？你的名字是……,branch_content,三月七
41,*三月七：好啦好啦，不开玩笑了。神君威力大是大，但也不至于把你弄失忆啦。看你状态不错，我放心咯。,content,三月七
42,|选项2=这段台词怎么有点熟悉…,option,开拓者
43,|剧情2=*三月七：嗯？有吗？我都不记得了。,branch_content,三月七
44,*三月七：看来你状态不错，还能记住这种细枝末节的事…那我放心咯。,content,三月七
45,|选项3=太阳不是已经被我打下来了吗…,option,开拓者
46,|剧情3=*三月七：呃…在某种意义上，是景元将军帮咱们打下来的。,branch_content,三月七
47,*三月七：不管怎么说，既然你还记得刚才发生的事…那我放心咯。,content,三月七
48,}},default,
49,{{剧情选项,default,
50,|选项1=我昏迷期间发生了什么？,option,开拓者
51,|选项2=这里是梦境还是现实？,option,开拓者
52,}},default,
53,*三月七：嗯…说来话长。简单来说就是，丹恒在咱们陷入苦战的时候使用了结盟玉兆，带着将军及时解了围。,content,三月七
54,*三月七：然后咱们就回到现实里来了。你看，这里是你的房间。,content,三月七
55,*三月七：大家也都从梦境里回来了，姬子他们正在大堂和将军谈事呢。既然你醒了，咱们就跟列车组的大伙报个平安吧，跟我来～,content,三月七
56,,default,
57,=== 与黑天鹅交谈 ===,default,
58,{{任务描述|尘埃落定，阿斯德纳和整个宇宙最终免于成为「秩序」傀儡的命运。距离击败「齐响诗班」似乎已经过去了一段时间…这期间都发生了些什么？<br>你听到熟悉的声音从身后传来。一股莫之能御的力量令你鞋头调转，（自愿）向那声音源头走去——毕竟，谁能拒绝一位慵懒优雅又强大的忆者呢？|匹诺康尼-「白日梦」酒店-现实}},default,
59,*黑天鹅：都不来和我聊聊么…{{注音|开拓者|小瞌睡虫}}？,content,黑天鹅
60,*开拓者：（这声音…是黑天鹅？）,content,开拓者
61,----,default,
62,*三月七：哎，你去哪儿呀？,content,三月七
63,----,default,
64,*黑天鹅：嗨，我们又见面了，小瞌睡虫。,content,黑天鹅
65,*三月七：黑、黑天鹅小姐怎么在这儿？,content,三月七
66,*黑天鹅：没什么，三月七小姐。我就是见开拓者醒了，想看看他/她恢复得如何。,content,黑天鹅
67,*黑天鹅：将军那一击虽然援助及时，破坏力却也极强。令使的力量对撞在一起，普通人难免受到波及。,content,黑天鹅
68,*黑天鹅：不过，好在{{注音|梦境|忆域}}也算是我的主场…所幸在「齐响诗班」崩溃前把各位全送出来了。,content,黑天鹅
69,*三月七：哦，原来是这样！谢谢你，黑天鹅小姐。,content,三月七
70,*黑天鹅：不客气，毕竟我也不想看到宝贵的「记忆」就此消失。你们是要去见同伴吧，介意我陪各位小走一程么？,content,黑天鹅
71,*三月七：可以是可以…但你不会又像上次那样打什么歪主意吧？,content,三月七
72,*黑天鹅：怎么会呢，我可从来没动过歪脑筋…至少在你们面前没有。,content,黑天鹅
73,,default,
74,=== 前往贵宾休息区寻找丹恒 ===,default,
75,{{任务描述|尘埃落定，阿斯德纳和整个宇宙最终免于成为「秩序」傀儡的命运。距离击败「齐响诗班」似乎已经过去了一段时间…这期间都发生了些什么？<br>在「白日梦」酒店里走走看看，与同伴会合，整理一下现状吧。|匹诺康尼-「白日梦」酒店-现实}},default,
76,*三月七：姬子和杨叔应该还在忙…我们先去找丹恒吧。,content,三月七
77,----,default,
78,*三月七：看，他果然还在和那个牛仔聊天！,content,三月七
79,*丹恒：你醒了，开拓者。感觉如何？,content,丹恒
80,*波提欧：哈，他小宝贝的！你一定就是他们说的那颗「星核」，对吧？,content,波提欧
81,{{剧情选项,default,
82,|选项1=我没事，放心。,option,开拓者
83,|剧情1=*三月七：别担心，开拓者老早就活蹦乱跳啦。倒是你，丹恒，要不先给他/她介绍一下这位牛仔是谁？,branch_content,三月七
84,|选项2=你怎么什么都说啊丹恒…,option,开拓者
85,|剧情2=*丹恒：这…不是我说的。,branch_content,丹恒
86,*波提欧：确实，兄弟/姐妹你误会了，我是从忆者那儿听来的。,content,波提欧
87,|选项3=你谁？怎么乱喊人宝贝？,option,开拓者
88,|剧情3=,branch_content,
89,}},default,
90,*黑天鹅：让我来做个介绍吧。这位是波提欧，一位「巡海游侠」。,content,黑天鹅
91,*黑天鹅：我们在追缉某人的过程中偶然相识，正巧发现那位星期日先生在酝酿一桩惊天阴谋……,content,黑天鹅
92,*黑天鹅：所以我们便找到你们，协助列车组的各位一起拯救世界了。,content,黑天鹅
93,*波提欧：甭客气！咱们巡海游侠主打一个「路见不平拔刀相助」——丹恒兄弟，你们仙舟老话是这么讲的吧？,content,波提欧
94,*丹恒：大意如此。,content,丹恒
95,*三月七：哎，等一下，「追缉某人」这我倒是第一次听说…你们追谁能追列车上啊？,content,三月七
96,*波提欧：哈哈，问得好！那当然是……,content,波提欧
97,*波提欧：……,content,波提欧
98,*波提欧：是谁来着？呃，丹恒兄弟，你还记得吗？,content,波提欧
99,{{剧情选项,default,
100,|选项1=这还要卖关子？,option,开拓者
101,|选项2=好可疑…,option,开拓者
102,}},default,
103,*波提欧：不，不是，我好像真想不起来了。怪事，脑机芯片也没故障啊……,content,波提欧
104,*丹恒：…我似乎也不记得了。,content,丹恒
105,*三月七：啊这…怎么回事？,content,三月七
106,*波提欧：呃…嗐，算了算了！大家都想不起来说明那人八成是个小毛贼，不重要。反正不影响咱们几个理解前因后果。,content,波提欧
107,*黑天鹅：…嗯，等一切尘埃落定，我再想办法回忆域里追溯一番好了。,content,黑天鹅
108,*黑天鹅：各位，我们快去找姬子小姐吧？{{注音|开拓者|小瞌睡虫}}身为匹诺康尼的小明星，整个酒店可都在担心他/她的安危呢。,content,黑天鹅
109,*三月七：唔，说得对，那我们这就去大堂吧。,content,三月七
110,{{折叠|标题=额外对话（波提欧）|内容=,default,
111,*波提欧：你们去吧，各位。我毕竟是个外人，就不给久别重逢添乱了。,content,波提欧
112,|折叠=是}},default,
113,,default,
114,=== 与姬子和瓦尔特会合 ===,default,
115,{{任务描述|尘埃落定，阿斯德纳和整个宇宙最终免于成为「秩序」傀儡的命运。距离击败「齐响诗班」似乎已经过去了一段时间…这期间都发生了些什么？<br>你与丹恒会合，还认识了一位新朋友：「巡海游侠」牛仔波提欧。此处本应插入一段穿插各种冷笑话和过气老梗的寒暄，但念及姬子和瓦尔特实在担忧你的安危，于是这段流程凭空消失了，还得请你多多担待。|匹诺康尼-「白日梦」酒店-现实}},content,还认识了一位新朋友
116,*三月七：看，他们和将军在那里！,content,三月七
117,----,default,
118,*景元：呵呵，无妨。此间正是敌力角气之时，为万安计，我联盟理应代表星穹列车出面斡旋才是，绝不能让各位铤而走险。,content,景元
119,*景元：况且公司虽急于事功，但到底有「和平」之名在先；家族尽管进退无门，可也自称心向「和谐」。我联盟历来以理服人，相信双方定能捐弃前嫌，握手言和。,content,景元
120,*姬子：将军为人深明大义。能有仙舟联盟从中斡旋，匹诺康尼的和平指日可待。,content,姬子
121,*景元：愧不敢当！到底还是多亏了列车组的各位，否则这座美梦乐园还没等来和平，反教那群「秩序」残党捷足先登了……,content,景元
122,*景元：瞧，咱们的大功臣这不就来了么？,content,景元
123,{{剧情选项,default,
124,|选项1=不敢当，不敢当。,option,开拓者
125,|剧情1=*景元：哈哈哈，不愧是「银河球棒侠」——侠之大者，虚怀若谷！,branch_content,景元
126,|选项2=应该的，应该的。,option,开拓者
127,|剧情2=*景元：哈哈哈，不愧是「银河球棒侠」——侠之大者，敢作敢当！,branch_content,景元
128,|选项3=什么，在想我的事情？,option,开拓者
129,|剧情3=*景元：哈哈哈，不愧是「银河球棒侠」——侠之大者，明察秋毫！,branch_content,景元
130,}},default,
131,*瓦尔特：开拓者，如何了？听说你始终不醒，身体可有不适？,content,瓦尔特
132,*三月七：放心吧，杨叔，这家伙精神得很，一路上都快把他/她这辈子能开的玩笑全开完了。,content,三月七
133,*三月七：倒是杨叔你怎么样了？听说那家伙连知更鸟小姐都没放过，把你们全都给关起来了……,content,三月七
134,*瓦尔特：哎，说来话长…不过，那位星期日先生是个体面人，没有对我们两个下狠手。,content,瓦尔特
135,*瓦尔特：他只是使用了一种名为「调律」的能力，将我们的意识和他自己连缀在一起。换句话说，他把我们囚禁在了意识中。,content,瓦尔特
136,*瓦尔特：多亏了景元将军击溃了「齐响诗班」，我们才能逃出生天。,content,瓦尔特
137,*三月七：啊，他也对我们用过那个…「调律」！这岂不是意味着，我们也差点惨遭囚禁……,content,三月七
138,*姬子：现在我可以确信，他确实是想和我们公平决斗。否则他当时完全有能力解决掉我们…不费吹灰之力。,content,姬子
139,*丹恒：说到这位橡木家系家主…他如今又在哪里？,content,丹恒
140,*景元：很复杂，但一言以蔽之，他现在是前橡木家系家主了。,content,景元
141,*景元：公司指认他为家族在匹诺康尼分家的主要负责人，以威胁银河和平为由要求他代表家族为动乱负责，并将此案交由庇尔波因特审判……,content,景元
142,*景元：但家族立刻将包括他在内的「秩序」残党打为敌人，坚称这场骚动是内部叛乱。如此一来，公司于情于理都无法介入「家族内务」了。,content,景元
143,*瓦尔特：还真是各有所图啊……,content,瓦尔特
144,*三月七：那…知更鸟小姐会怎么样？她和星期日都和这场谐乐大典脱不了干系吧，还是亲兄妹……,content,三月七
145,*景元：……,content,景元
146,*三月七：将军，怎么叹气啊……,content,三月七
147,*景元：只能说，这对那女孩实在是无妄之灾。我联盟在调停过程中会尽量说服家族对此事慎重裁夺的。,content,景元
148,*景元：到时候了，各位。我与公司的各位要员约定就接下来的谈判先行磋商，不知各位是否有意前来旁听？,content,景元
149,*姬子：既然将军邀请，又事关宇宙大事，列车组自然不会拒绝。可要是公司方面对此不甚欢迎……,content,姬子
150,*景元：怎么会，当然欢迎！他们表示各位是公司在匹诺康尼的可靠盟友，没有不欢迎的理由。,content,景元
151,*景元：况且，若是像星穹列车这般可靠的观察员在场，讨论想必一定能进展得更加顺利。怎样，各位意下如何？,content,景元
152,*姬子：那我们就恭敬不如从命了。,content,姬子
153,*三月七：噫…本、本姑娘对这种场合有点过敏，我还是先回房间打包行李好了。,content,三月七
154,*瓦尔特：没关系，去吧。这里由我和姬子小姐出面就可以。,content,瓦尔特
155,*丹恒：我恐怕也要先一步回列车了。列车长很担心我们，我还是去说明一下现状为好。,content,丹恒
156,*姬子：嗯，拜托你了。开拓者，你呢？你想跟我和瓦尔特一起去，还是说你也有别的事要做？,content,姬子
157,{{剧情选项,default,
158,|选项1=我和姬子小姐一起吧。,option,开拓者
159,|剧情1=*景元：哈哈，这敢情好。,branch_content,景元
160,|选项2=我得帮三月七收拾行李…,option,开拓者
161,|剧情2=*三月七：呃…其实我一个人就可以收拾好啦……,branch_content,三月七
162,*景元：哈哈，既然如此，那还是请我们的「银河球棒侠」一道来吧。,content,景元
163,|选项3=直觉告诉我这里只有一种选择…,option,开拓者
164,|剧情3=*景元：哈哈，猜得不错！,branch_content,景元
165,}},default,
166,*景元：虽然我不清楚个中缘由，但公司的代表们表示务必要让开拓者前来旁听——我为各位带路，这边请！,content,景元
167,,default,
168,=== 前往大堂，会见公司代表 ===,default,
169,{{任务描述|列车组终于胜利会师，与你们一道的还有忆者黑天鹅及罗浮将军景元。<br>将军与公司的各位要员约定就谐乐大典一事先行磋商，并邀请列车组的各位前去旁听——尤其是你，开拓者。你根本没有拒绝的理由，不是么？|匹诺康尼-「白日梦」酒店-现实}},default,
170,*景元：磋商地点就在酒店大堂。各位，随我来。,content,景元
171,,default,
172,=== 与公司和博识学会代表交谈 ===,default,
173,*姬子：砂金先生和托帕小姐都来了啊…还有，那边那位是？,content,姬子
174,*瓦尔特：博识学会的拉帝奥教授，阵仗真不小啊。,content,瓦尔特
175,----,default,
176,*砂金：久违了，星穹列车的各位。,content,砂金
177,*砂金：也向您致以诚挚的谢意，罗浮将军。能有各位在场共同见证，想必此次谈判一定能以令各方都满意的结果圆满落幕。,content,砂金
178,*景元：哦？看来各位已经有所预期了。不妨说来听听？,content,景元
179,*砂金：当然。你来吧，托帕？,content,砂金
180,*托帕：嗯，交给我吧。,content,托帕
181,*托帕：总的来说，是好消息——经过战略投资部「重大事务组」会议审议表决，以绝对多数成员同意通过了以下决议：,content,托帕
182,*托帕：「基于对星际和平的长久考虑，经由庇尔波因特总部授权，战略投资部将代表公司永久放弃对匹诺康尼主权之宣称，并无条件支援家族对匹诺康尼的重建工作。」,content,托帕
183,*姬子：这……,content,姬子
184,*景元：呵，有点意思。,content,景元
185,{{剧情选项,default,
186,|选项1=公司的格局太大了！,option,开拓者
187,|剧情1=*砂金：「一切为了和平」——这就是我司的基本价值观。,branch_content,砂金
188,|选项2=这对你们有什么好处？,option,开拓者
189,|剧情2=*砂金：老实说对公司没有任何好处…但对全宇宙的长远发展却是非常有利的。,branch_content,砂金
190,|选项3=那砂金岂不是白挨了一刀？,option,开拓者
191,|剧情3=*砂金：哈哈，要是这样能为全宇宙带来和平，那也算值了。,branch_content,砂金
192,}},default,
193,----,default,
194,*真理医生：公司的意见聊完了？那轮到我们了。,content,真理医生
195,*真理医生：学会和天才俱乐部同样对匹诺康尼此次灾难报以高度关注。最后，我双方决定达成全面合作，对匹诺康尼的重建予以技术支持……,content,真理医生
196,*真理医生：…具体内容还是听听这位天才的说法吧。轮到你了，螺丝咕姆先生。,content,真理医生
197,*螺丝咕姆：有机生命对内在精神世界的不懈探索既令我赞叹，又令我羡慕。无机生命没有做梦的机能。但当智能脉冲激活，灵感回路开始运作，我会进入被定义为「想象」的状态。,content,螺丝咕姆
198,*螺丝咕姆：每一次，想象之中都有一团火从黑暗中升起。它温暖，明媚。我时常思考，那火焰或许就是智能的本质——一簇因高温激发的灵感。宇宙未来的方向或许就在其中。,content,螺丝咕姆
199,*螺丝咕姆：可惜，它对我而言不过是思维系统折射出的虚像，可望而不可即。但在了解到匹诺康尼如今的成就后，我终于意识到，那火焰并非不能攫取。,content,螺丝咕姆
200,*螺丝咕姆：在与几位合作伙伴讨论后，我们决定暂缓对模拟宇宙项目的推进，并将以技术顾问的身份支持博识学会对梦境与忆域的研究，以便这种物质更好地为全人类服务。,content,螺丝咕姆
201,*真理医生：不仅如此，我们还通过公司与忆庭取得联系，他们也承诺会协助开展研究……,content,真理医生
202,*真理医生：呵，真为匹诺康尼的逐梦客们感到开心——全宇宙最智慧和最愚钝的头脑现在全都为他们所用了。,content,真理医生
203,{{剧情选项,default,
204,|选项1=好啊好啊，皆大欢喜。,option,开拓者
205,|剧情1=*瓦尔特：但…罢了，无论如何结果是好的。,branch_content,瓦尔特
206,|选项2=总感觉美好得有点不真实…,option,开拓者
207,|剧情2=*瓦尔特：确实，尤其很难想象天才俱乐部的成员也会对俗世的研究感兴趣……,branch_content,瓦尔特
208,*瓦尔特：…罢了，无论如何结果是好的。,content,瓦尔特
209,}},default,
210,----,default,
211,*姬子：难怪各位一定要他/她出面呢。,content,姬子
212,*景元：能了解到各位都愿为匹诺康尼排忧解难，这可真是再好不过了。相信各位一定能在接下来的谈判中达成共识。,content,景元
213,*景元：看来匹诺康尼的未来已成定局。不知列车组的各位是否还有所牵挂？,content,景元
214,*姬子：和平就是我们最大的愿望，除此之外别无所求。,content,姬子
215,*景元：哈哈，好。既然各位心无挂碍，那景元就在此拜辞了。各位安心登程，后续相关事务交由我联盟便是。,content,景元
216,----,default,
217,:{{颜色|描述|一段时间后……}},default,
218,*姬子：既然这样，看来我们在匹诺康尼也没什么后顾之忧了…我们是时候踏上新的旅程了。,content,姬子
219,*瓦尔特：嗯，我赞成。,content,瓦尔特
220,*姬子：那你们两个先回列车吧。我去接小三月，顺便办理退房——还有，黑天鹅小姐也找我有事，对吧？,content,姬子
221,*黑天鹅：不愧是领航员小姐。,content,黑天鹅
222,*瓦尔特：原来你刚才一直都跟在我们身边啊…无妨，总之，我和开拓者就在列车上等你和小三月了。,content,瓦尔特
223,*瓦尔特：我们走吧，开拓者。匹诺康尼之旅…到这里就算圆满结束了。,content,瓦尔特
224,{{折叠|标题=额外对话（真理医生）|内容=,default,
225,*真理医生：呵，真为匹诺康尼的逐梦客们感到开心——全宇宙最智慧和最愚钝的头脑现在全都为他们所用了。,content,真理医生
226,|折叠=是}},default,
227,{{折叠|标题=额外对话（托帕）|内容=,default,
228,*托帕：这都多亏了匹诺康尼的大英雄开拓者，大家都被你的正直无私打动啦。,content,托帕
229,|折叠=是}},default,
230,{{折叠|标题=额外对话（砂金）|内容=,default,
231,*砂金：终于尘埃落定了，不是么？最后——做得不错，朋友。,content,砂金
232,|折叠=是}},default,
233,,default,
234,=== 返回星穹列车 ===,default,
235,{{任务描述|公司决定与家族携手共建匹诺康尼，全宇宙的学者们也将不遗余力地提供帮助…好一派皆大欢喜的热闹景象。至此，「梦想之地」匹诺康尼之旅也便告一段落。<br>是时候踏上新的旅途了。|星穹列车-观景车厢}},default,
236,*开拓者：（匹诺康尼之旅到此为止……）,content,开拓者
237,*开拓者：（嗯…也还算圆满吧。）,content,开拓者
238,----,default,
239,*帕姆：开拓者乘客，航线会议就要开始了，就等你啦！,content,帕姆
240,*开拓者：（列车什么时候变得这么热闹了…？）,content,开拓者
241,----,default,
242,*帕姆：咳咳…这样人都到齐了帕。那我们现在开始航线会议吧！,content,帕姆
243,*波提欧：是要决定下一站去哪儿的会呗？怎么说，投票还是？,content,波提欧
244,*黑天鹅：别心急，牛仔。客随主便，交给他们定夺吧。,content,黑天鹅
245,{{剧情选项,default,
246,|选项1=波提欧，怎么还有你？,option,开拓者
247,|剧情1=*波提欧：嗐，搭个便车嘛，别紧张！,branch_content,波提欧
248,|选项2=黑天鹅，你怎么也在？,option,开拓者
249,|剧情2=*黑天鹅：这对一位忆者来说不是很正常的事么？,branch_content,黑天鹅
250,|选项3=你们都是从哪里来的？！,option,开拓者
251,|剧情3=,branch_content,
252,}},default,
253,*姬子：让我来解释吧。波提欧先生和黑天鹅小姐出于各自需要，提出了想要暂时与列车组同行的请求……,content,姬子
254,*姬子：各位也知道，星穹列车向来不会拒绝任何心向远方的旅客。所以，他们接下来将和我们一起旅行一段时间，直到抵达目的地为止。,content,姬子
255,*三月七：喔…这下列车里要热闹起来了。不过，黑天鹅小姐，你可不能在列车里用忆者的能力恶作剧哦！,content,三月七
256,*黑天鹅：好啊，三月七小姐。我答应你，休息时间里你绝对不会在自己的房间里看见我。,content,黑天鹅
257,*三月七：噫…不要吓我呀……,content,三月七
258,*帕姆：好了，好了。既然各位乘客都相互认识过了，那我们就继续航线会议了帕！,content,帕姆
259,----,default,
260,*帕姆：首先，列车长要好好感谢大家。如果不是你们挖掘出了匹诺康尼的真相，我可能再也没法得知米哈伊尔他们的下落了……,content,帕姆
261,*帕姆：虽然他们的经历有些遗憾，但我想他们应该也了却了各自的心愿…这都多亏了你们。非常感谢各位帕。,content,帕姆
262,*帕姆：然后，就是本次航线会议的重点了——我们需要决定列车的下一站帕！由列车长来为各位介绍一下目前的选项。,option,帕姆
263,*帕姆：第一个选择来自姬子，是{{颜色|描述1|海洋星球露莎卡星}}。那是一颗完全由液态水构成的行星，有许多水生种族在那里定居。当然，那也是老无名客米哈伊尔的故乡帕。,content,帕姆
264,*帕姆：第二个选择是瓦尔特提供的{{颜色|描述1|「玛瑙世界」梅露丝坦因}}。据说那里是星核之灾的原爆点之一，也是「纯美」伊德莉拉的飞升之地，现在是一颗永存不灭之美的美丽星球帕。,content,帕姆
265,*帕姆：第三个选择是{{颜色|描述1|江户星}}。那颗行星藏身在一片广阔的离子暴潮区中，正在遭受反物质军团的侵略。但近期那里的求救信号突然中断了，公司希望我们能去确认状况帕。,content,帕姆
266,*帕姆：最后一个是黑天鹅提供的{{颜色|描述1|「琉璃光带」帕特雷维尼齐亚}}。那是一条因为绝灭大君「焚风」完全玻璃化的巨大行星带…现如今似乎是悲悼伶人的剧团知名分部之一帕。,content,帕姆
267,*三月七：喔…有好多选择啊，感觉要挑花眼了。,content,三月七
268,*姬子：接下来，大家各自挑选自己想要拜访的目的地吧。然后，我们进行投票表决。,content,姬子
269,{{剧情选项,default,
270,|选项1=海洋星球露莎卡星。,option,开拓者
271,|剧情1=*姬子：小米沙和老米哈伊尔的故乡…在经历了匹诺康尼的种种后，我想身为未来的无名客，无论如何都得去他的家乡看看。,branch_content,姬子
272,*瓦尔特：嗯…我也赞同。不过那颗星球在星核之灾后已经彻底变样了吧？听说那里的陆地已经不复存在，主要住民也全都洗了牌……,content,瓦尔特
273,*三月七：嗯…姬子小姐说的我是不反对啦，但江户星听起来遭遇了危险。身为无名客，我们更应该向他们伸出援手吧？,content,三月七
274,*丹恒：三月七说得没错。虽然「求救信号突然中断」意味着我们多半来不及了…但我觉得还是先去确认一下为好。,content,丹恒
275,*帕姆：露莎卡星三票，江户星两票……,content,帕姆
276,*帕姆：看来我们已经得出结果了——下一站就是海洋星球露莎卡星了帕！,content,帕姆
277,|选项2=「玛瑙世界」梅露丝坦因。,option,开拓者
278,|剧情2=*瓦尔特：这次的匹诺康尼之旅让我看到了星核之灾的另一面…就表征而言，梦境的状况和「玛瑙世界」非常相似，前往那里或许有助于我们加深对星核的认识。,branch_content,瓦尔特
279,*姬子：嗯…有道理。既然这样，我也投给「玛瑙世界」。,content,姬子
280,*三月七：唔…我觉得江户星的状况可能更紧急一点。身为无名客，我们更应该向他们伸出援手吧？,content,三月七
281,*丹恒：三月七说得没错。虽然「求救信号突然中断」意味着我们多半来不及了…但我觉得还是先去确认一下为好。,content,丹恒
282,*帕姆：「玛瑙世界」三票，江户星两票……,content,帕姆
283,*帕姆：看来我们已经得出结果了——下一站就是「玛瑙世界」梅露丝坦因了帕！,content,帕姆
284,|选项3=江户星。,option,开拓者
285,|剧情3=*丹恒：虽然「求救信号突然中断」意味着我们多半来不及了…但我觉得还是先去确认一下为好。,branch_content,丹恒
286,*三月七：嗯，我也同意！身为无名客，我们更应该向他们伸出援手吧？,content,三月七
287,*瓦尔特：开拓者和丹恒的判断不错，我也投江户星一票。,content,瓦尔特
288,*姬子：既然大家都这么说，那我们就去探探虚实好了。我也投江户星。,content,姬子
289,*帕姆：江户星全票通过……,content,帕姆
290,*帕姆：看来我们已经得出结果了——下一站就是江户星了帕！,content,帕姆
291,|选项4=「琉璃光带」帕特雷维尼齐亚。,option,开拓者
292,|剧情4=*姬子：黑天鹅和某位悲悼伶人约定了在那里见面。听说他们最近正在筹备特别演出…我倒是不介意前去欣赏一番。,branch_content,姬子
293,*瓦尔特：虽然那种演出不太吸引我…但依你们吧。,content,瓦尔特
294,*三月七：唔…剧团演出什么的我是很感兴趣啦，但江户星听起来遭遇了危险。身为无名客，我们更应该向他们伸出援手吧？,content,三月七
295,*丹恒：三月七说得没错。虽然「求救信号突然中断」意味着我们多半来不及了…但我觉得还是先去确认一下为好。,content,丹恒
296,*帕姆：「琉璃光带」三票，江户星两票……,content,帕姆
297,*帕姆：看来我们已经得出结果了——下一站就是「琉璃光带」帕特雷维尼齐亚了帕！,content,帕姆
298,|选项5=我拿不定主意…,option,开拓者
299,|剧情5=*三月七：既然这样…我们要不还是先去江户星吧？那里听起来遭遇了危险，身为无名客，我们应该向他们伸出援手。,branch_content,三月七
300,*丹恒：三月七说得没错。虽然「求救信号突然中断」意味着我们多半来不及了…但我觉得还是先去确认一下为好。,content,丹恒
301,*瓦尔特：你们的判断不错，我也投江户星一票。,content,瓦尔特
302,*姬子：既然大家都这么说，那我们就去探探虚实好了。我也投江户星。,content,姬子
303,*帕姆：江户星四票，弃权一票……,content,帕姆
304,*帕姆：看来我们已经得出结果了——下一站就是江户星了帕！,content,帕姆
305,}},default,
306,*帕姆：那么，航线会议到此结束。我去校准航线跃迁参数，各位乘客可以先休息一下。,content,帕姆
307,*帕姆：等可以跃迁的时候，本列车长会广播通知的帕！,content,帕姆
308,----,default,
309,*开拓者：（等待跃迁期间…干点什么好呢？）,content,开拓者
310,*黑天鹅：开拓者，有兴趣和我聊聊天么？这边。,content,黑天鹅
311,,default,
312,=== （可选）与三月七交谈 ===,default,
313,*三月七：希望这次旅行平安无事，希望这次旅行平安无事，希望这次旅行平安无事……,content,三月七
314,{{剧情选项,default,
315,|选项1=希望这次旅行平安无事…,option,开拓者
316,|剧情1=*三月七：你怎么这么喜欢学我说话呀！,branch_content,三月七
317,|选项2=你在碎碎念什么？,option,开拓者
318,|剧情2=*三月七：什么叫碎碎念，我这叫祈祷！,branch_content,三月七
319,}},default,
320,*三月七：唉，最近几次开拓之旅都太吓人了，动不动就有性命之忧…也该来点轻松愉快温暖人心的可爱冒险了吧！,content,三月七
321,*三月七：你也来，快和我一起祈祷！希望这次旅行平安无事，希望这次旅行平安无事，希望这次旅行平安无事……,content,三月七
322,,default,
323,=== （可选）与丹恒交谈 ===,default,
324,*丹恒：不知怎么，突然和你有一种…「好久不见」的感觉。,content,丹恒
325,{{剧情选项,default,
326,|选项1=也确实好久没见了。,option,开拓者
327,|剧情1=*丹恒：大概…「久别重逢的喜悦」，也算是「开拓」的一部分吧。,branch_content,丹恒
328,|选项2=我在心里时时念着你。,option,开拓者
329,|剧情2=*丹恒：哎…我就不该期待你说出什么正经的话。,branch_content,丹恒
330,}},default,
331,{{剧情选项|选项1=到了目的地，你要一起下车哦！}},default,
332,*丹恒：知道了。,content,丹恒
333,,default,
334,=== （可选）与波提欧交谈 ===,default,
335,*波提欧：这星穹列车倒真是挺舒服的…但，我就一个小意见啊，你们列车上咋没啥*带劲的*饮料啊？,content,波提欧
336,*波提欧：没有麦芽果汁也就算了，好歹来点别的嘛！比如「白宝石」之类稀烂贱的牌子，又不贵。,content,波提欧
337,{{剧情选项,default,
338,|选项1=不行！我们是12+列车！,option,开拓者
339,|剧情1=*波提欧：那你也不能用12岁的标准要求我这样一个精壮的游侠啊！,branch_content,波提欧
340,|选项2=姬子的咖啡还不够上头吗？,option,开拓者
341,|剧情2=*波提欧：呃…那是不同意义的「上头」……,branch_content,波提欧
342,|选项3=我帮你问问列车长吧。,option,开拓者
343,|剧情3=*波提欧：谢了！哥们/姐们！来点便宜的就行，我不挑嘴的。,branch_content,波提欧
344,}},default,
345,*波提欧：哈，这些年我都风餐露宿惯了，现在突然让我住到这么好的地方…啧，还挺不错的。,content,波提欧
346,,default,
347,=== （可选）与瓦尔特交谈 ===,default,
348,*瓦尔特：开拓者，你已经是一个越来越优秀的开拓者了。能见证你的成长，我非常欣慰。,content,瓦尔特
349,{{剧情选项,default,
350,|选项1=：嘿嘿，过奖了。,option,选项
351,|剧情1=*瓦尔特：不必谦虚，你的成长大家都有目共睹。我以前认识非常多的战士，能像你一样成长的人，在我的故乡…至少要评为S级吧。,branch_content,瓦尔特
352,|选项2=我超厉害的！,option,开拓者
353,|剧情2=*瓦尔特：是啊，你超厉害的。我以前认识非常多的战士，能像你一样成长的人，在我的故乡…至少要评为S级吧。,branch_content,瓦尔特
354,}},default,
355,*瓦尔特：这段时间辛苦你了。好好休息一下吧，我很期待你在下一场旅程中的表现。,content,瓦尔特
356,,default,
357,=== （可选）与姬子交谈 ===,default,
358,*姬子：说起来，开拓者，匹诺康尼这次，还是你第一次和我一起开拓吧？,content,姬子
359,{{剧情选项,default,
360,|选项1=希望以后还能和你一起开拓！,option,开拓者
361,|剧情1=*姬子：放心吧。我们能在列车上一起相处的时间还有很长，这样的机会也一定不会少的。,branch_content,姬子
362,|选项2=这太危险了，真希望你没下去。,option,开拓者
363,|剧情2=*姬子：好啦～我明白你担心。但没关系，我可也是个顶天立地的无名客，不会有事的。,branch_content,姬子
364,}},default,
365,*姬子：今天早些休息吧。这段时间你太累了，若是不趁这个机会好好修养精神，可是会落下病根的…你现在年轻还好，老了以后可是要遭罪的哦。,content,姬子
366,,default,
367,=== 与黑天鹅交谈，等待跃迁开始 ===,default,
368,*黑天鹅：……,content,黑天鹅
369,*黑天鹅：哦？你来啦，开拓者。你的倒影映在舷窗里的繁星之间…呵呵，有点教人看不真切呢。,content,黑天鹅
370,*黑天鹅：怎么样，这趟美梦之旅…可还令你满意？,content,黑天鹅
371,{{剧情选项,default,
372,|选项1=跌宕起伏，非常满意，多来点！,option,开拓者
373,|剧情1=*黑天鹅：我能感受到你喜悦的心情…如此一来，你的记忆也会变得非常美妙呢。,branch_content,黑天鹅
374,|选项2=有点意犹未尽就是了…,option,开拓者
375,|剧情2=*黑天鹅：这种略带遗憾和落寞的情绪…嗯，这种回味悠长的记忆我也很喜欢哦。,branch_content,黑天鹅
376,|选项3=感觉很多东西还没讲清楚？,option,开拓者
377,|剧情3=*黑天鹅：好奇心的气息非常浓郁啊…这种记忆会令人欲罢不能呢。,branch_content,黑天鹅
378,|选项4=太机械降神了！,option,开拓者
379,|剧情4=*黑天鹅：呀，真是好激烈的情感…呵呵，让人直冒汗，却也欲罢不能。,branch_content,黑天鹅
380,|选项5=下次还填非常简单。,option,开拓者
381,|剧情5=*黑天鹅：哦？如此捉摸不透的情绪…这种记忆倒是第一次遇见，有点勾起我的好奇心了。,branch_content,黑天鹅
382,}},default,
383,*黑天鹅：那…就把那件「小小的临别礼物」还给我吧？我已经迫不及待了。,content,黑天鹅
384,:{{颜色|灰|提交物品{{图标|命运之谕示}}}},default,
385,*黑天鹅：呣……,content,黑天鹅
386,*黑天鹅：…哦？,content,黑天鹅
387,{{剧情选项,default,
388,|选项1=发生什么事了？,option,开拓者
389,|选项2=不是这张牌吗？,option,开拓者
390,|选项3=我…我可没弄坏它…,option,开拓者
391,}},default,
392,*黑天鹅：嗯，没什么……,content,黑天鹅
393,*黑天鹅：我只是…在你的「记忆」中发现了一处非常有趣的地方。,content,黑天鹅
394,*黑天鹅：在向你道出缘由前…我要向你道歉，开拓者。其实我给你的这份「临别礼物」并非忆域的罗盘…而不过是一枚{{颜色|描述1|「空光锥」}}而已。,content,黑天鹅
395,*黑天鹅：还记得我们初入梦境酒店时，我向你的伙伴分别索取了几样饰品么？它们的功能是类似的。,content,黑天鹅
396,*黑天鹅：这样，我就可以随时感应到你，以便在你遇到危险的时候及时出手了。,content,黑天鹅
397,*黑天鹅：但…那并不是它最本质的功能。,content,黑天鹅
398,*黑天鹅：「光锥」是用于封装{{注音|凝固事象|记忆}}的光之切片，这枚空光锥也一样。,content,黑天鹅
399,*黑天鹅：它能够将你的记忆以最鲜活的形式刻录下来，然后…为我欣赏把玩，成为独一无二的回忆。,content,黑天鹅
400,*黑天鹅：世间万物皆出自精神和灵性的力量——这力量正是「记忆」。要想使我们免于被世界遗落在身后，便要让世界记住我们…或者，用我们的「记忆」重塑世界。,content,黑天鹅
401,*黑天鹅：人生看似漫长，却也只能提取出不过寥寥数份饱含力量的记忆：或欢欣、或悲伤，或轻快、或沉重…但你不一样，开拓者。,content,黑天鹅
402,*黑天鹅：「记忆」是未来的倒影。从那倒影中，我能看到你独一无二的价值。你能创造出令世界为之倾倒的回忆…你的记忆能够映照出宇宙未来的方向。,content,黑天鹅
403,*黑天鹅：而那记忆…将要璀璨得如同这舷窗中举目可见的点点繁星。,content,黑天鹅
404,{{剧情选项,default,
405,|选项1=所以你想收藏我的记忆？,option,开拓者
406,|剧情1=*黑天鹅：正是。不过，你知道更深层的原因是什么吗？,branch_content,黑天鹅
407,|选项2=说得我都有点脸红了…,option,开拓者
408,|剧情2=*黑天鹅：真可爱。不过，你知道我这么做更深层的原因是什么吗？,branch_content,黑天鹅
409,|选项3=帮我看看，我是不是要飞升了？,option,开拓者
410,|剧情3=*黑天鹅：我手中与你有关的记忆还太少，远不能助我占卜太过遥远的未来。,branch_content,黑天鹅
411,*黑天鹅：不过，我可以告诉你一件事，那就是我对你如此青睐有其更深层的原因。,content,黑天鹅
412,}},default,
413,*黑天鹅：理由很简单——{{颜色|描述1|在家族这场盛大而浮华的梦里，只有你亲历了全程}}。,content,黑天鹅
414,{{剧情选项,default,
415,|选项1=这意味着什么？,option,开拓者
416,|选项2=别说谜语啦！,option,开拓者
417,}},default,
418,*黑天鹅：别心急。我会揭晓答案的…只是现在不是时候。,content,黑天鹅
419,*黑天鹅：回头看看你的朋友们吧。他们每个人都在为下一个目的地欢欣鼓舞，对各自的现在与未来充满了期待。要是现在就道破一切，岂不是太扫兴了么？,content,黑天鹅
420,*黑天鹅：我想要挑一个好的时候，一个你完全放松的时候…或许，夜色每一次模糊，你每一次行将入睡的时刻正是最合适的。,content,黑天鹅
421,*黑天鹅：不如就挑个夜晚吧。我会备好烛光、香氛，还有软榻，为你打造一个舒适的梦乡。然后，我就把那答案当做一个小小的睡前故事说给你听，哄你入睡……,content,黑天鹅
422,*帕姆：喂——喂喂——各位乘客请注意——,content,帕姆
423,*帕姆：列车即将跃迁——列车即将跃迁——请坐稳扶好帕——！,content,帕姆
424,*黑天鹅：呵呵，看来我们终于要出发了。远方还有那么多闪耀的记忆在等待着我们…就先聊到这里吧？,content,黑天鹅
425,*黑天鹅：啊，对了。作为对用那枚「空光锥」戏弄了你的小小补偿，我想送你一句话。它对我有着十分重要的意义……,content,黑天鹅
426,*黑天鹅：「生命是一座迂回的迷宫，除了记忆，我们一无所有。」,content,黑天鹅
427,*黑天鹅：你可一定要好好地记在心里哦？,content,黑天鹅
428,:{{颜色|描述|琥珀历2158纪，纪元的第一年，宇宙再次回到它应行的轨道上。阴谋的火种在「梦想之地」匹诺康尼闷烧，尚未成燎原之势，便成为克里珀铁砧上的一簇火花，转瞬即逝。}},default,
429,:{{颜色|描述|应死者和已死者照旧沉眠，生者也得以酣睡。所有人都在用沉默大声喧哗，并各行其是。银河焕发出每一个纪元之初应有的活力，代价不过是一对兄妹轻微的悲伤。}},default,
430,:{{颜色|描述|婴儿在诞生，恒星在熄灭。银轨在铺展。星穹列车的故事既告一段落，也重新开始。}},default,
431,:{{颜色|描述|时间滚滚向前，而「开拓」之旅亦将翻开新的篇章。}},default,
432,{{折叠|标题=谢幕|内容=,default,
433,<center><big>「梦想之地」匹诺康尼</big></center>,default,
434,<center><big>完</big></center>,default,
435,<br>,default,
436,<center><big>《崩坏：星穹铁道》</big></center>,content,崩坏
437,<br>,default,
438,<center><big>领衔主演</big></center>,default,
439,<center>开拓者</center>,default,
440,<br>,default,
441,<center><big>主演</big></center>,default,
442,<center>丹恒 饰 丹恒</center>,default,
443,<center>？？？ 饰 三月七</center>,default,
444,<center>姬子 饰 姬子</center>,default,
445,<center>约阿希姆•诺基安维塔宁 饰 瓦尔特•杨</center>,default,
446,<center>流萤 饰 流萤，萨姆</center>,default,
447,<center>？？？ 饰 黄泉</center>,default,
448,<center>黑天鹅 饰 黑天鹅</center>,default,
449,<center>卡卡瓦夏 饰 砂金</center>,default,
450,<center>拉格沃克•夏尔•米哈伊尔 饰 米沙，「钟表匠」</center>,default,
451,<center>加拉赫 饰 加拉赫</center>,default,
452,<center>波提欧 饰 波提欧</center>,default,
453,<center>花火 饰 花火</center>,default,
454,<center>维里塔斯•拉帝奥 饰 真理医生</center>,default,
455,<center>知更鸟 饰 知更鸟</center>,default,
456,<center>星期日 饰 星期日</center>,default,
457,<center>「梦主」 饰 星期日的仆人</center>,default,
458,<center>歌斐木 饰 「梦主」</center>,default,
459,<br>,default,
460,<center><big>友情出演</big></center>,default,
461,<center>银狼</center>,default,
462,<center>桑博</center>,default,
463,<center>托帕 翡翠</center>,default,
464,<center>银枝</center>,default,
465,<center>景元 仙舟联盟</center>,default,
466,<br>,default,
467,<center><big>剧本指导</big></center>,default,
468,<center>艾利欧</center>,default,
469,<br>,default,
470,<center><big>永远纪念</big></center>,default,
471,<center>拉扎莉娜</center>,default,
472,<center>铁尔南</center>,default,
473,<center>拉格沃克•夏尔•米哈伊尔</center>,default,
474,<br>,default,
475,<center><big>愿此行，终抵群星</big></center>,default,
476,|折叠=否}},default,
